avg_sub_metering_1,avg_sub_metering_2,avg_sub_metering_3
1.1219233096502186,1.2985199679887571,6.45844735712055
